http://www.w3.org/ns/prov#wasDerivedFrom	http://purl.org/dc/elements/1.1/format	Prey	Predator	Source Study	Method	Data Recorded Location	Full Reference
line:xlsx:hash://sha256/462844e9e541437f7ef19ca7d70ac1778529cdca8ecb9830c16f35deadae635d!/Table%20S5!/L2	application/vnd.openxmlformats-officedocument.spreadsheetml.sheet	Apodemus draco	Canis lupus	(Shao et al., 2019)	Fecal DNA metabarcoding	Qinghai–Tibetan Plateau	Shao, X., Song, D., Huang, Q., Li, S. and Yao, M. (2019) ‘Fast surveys and molecular diet analysis of carnivores based on fecal DNA and metabarcoding’, Biodiversity Science, 27(5), p. 543.
line:xlsx:hash://sha256/462844e9e541437f7ef19ca7d70ac1778529cdca8ecb9830c16f35deadae635d!/Table%20S5!/L3	application/vnd.openxmlformats-officedocument.spreadsheetml.sheet	Cervus canadensis (Cervus elaphus in original content)	Canis lupus	(Balajeid Lyngdoh, Habib and Shrotriya, 2020) 	Fecal microscopic examination	Qinghai–Tibetan Plateau	Balajeid Lyngdoh, S., Habib, B. and Shrotriya, S. (2020) ‘Dietary spectrum in Himalayan wolves: comparative analysis of prey choice in conspecifics across high-elevation rangelands of Asia’, Journal of Zoology, 310(1), pp. 24–33. Available at: https://doi.org/10.1111/jzo.12724.
line:xlsx:hash://sha256/462844e9e541437f7ef19ca7d70ac1778529cdca8ecb9830c16f35deadae635d!/Table%20S5!/L4	application/vnd.openxmlformats-officedocument.spreadsheetml.sheet	Equus kiang	Canis lupus	(Werhahn et al., 2019)	Fecal microscopic examination	Qinghai–Tibetan Plateau, Nepal	Werhahn, G., Kusi, N., Li, X., Chen, C., Zhi, L., Lázaro Martín, R., Sillero-Zubiri, C. and Macdonald, D.W. (2019) ‘Himalayan wolf foraging ecology and the importance of wild prey’, Global Ecology and Conservation, 20, p. e00780. Available at: https://doi.org/10.1016/j.gecco.2019.e00780.
line:xlsx:hash://sha256/462844e9e541437f7ef19ca7d70ac1778529cdca8ecb9830c16f35deadae635d!/Table%20S5!/L5	application/vnd.openxmlformats-officedocument.spreadsheetml.sheet	Felis manul	Canis lupus	(Hacker et al., 2022)	Fecal DNA metabarcoding	Qinghai–Tibetan Plateau	Hacker, C.E., Cong, W., Xue, Y., Li, J., Zhang, Yu, Wu, L., Ji, Y., Dai, Y., Li, Y., Jin, L., Li, D., Zhang, J., Janecka, J.E. and Zhang, Yuguang (2022) ‘Dietary diversity and niche partitioning of carnivores across the Qinghai–Tibetan Plateau of China using DNA metabarcoding’, Journal of Mammalogy, 103(5), pp. 1005–1018. Available at: https://doi.org/10.1093/jmammal/gyac044.
line:xlsx:hash://sha256/462844e9e541437f7ef19ca7d70ac1778529cdca8ecb9830c16f35deadae635d!/Table%20S5!/L6	application/vnd.openxmlformats-officedocument.spreadsheetml.sheet	Lepus oiostolus	Canis lupus	(Lu et al., 2023)	Fecal DNA metabarcoding	Qinghai–Tibetan Plateau	Lu, Q., Cheng, C., Xiao, L., Li, J., Li, X., Zhao, X., Lu, Z., Zhao, J. and Yao, M. (2023) ‘Food webs reveal coexistence mechanisms and community organization in carnivores’, Current Biology, 33(4), pp. 647-659.e5. Available at: https://doi.org/10.1016/j.cub.2022.12.049.
line:xlsx:hash://sha256/462844e9e541437f7ef19ca7d70ac1778529cdca8ecb9830c16f35deadae635d!/Table%20S5!/L7	application/vnd.openxmlformats-officedocument.spreadsheetml.sheet	Marmota himalayana	Canis lupus	(Lu et al., 2023)	Fecal DNA metabarcoding	Qinghai–Tibetan Plateau	Lu, Q., Cheng, C., Xiao, L., Li, J., Li, X., Zhao, X., Lu, Z., Zhao, J. and Yao, M. (2023) ‘Food webs reveal coexistence mechanisms and community organization in carnivores’, Current Biology, 33(4), pp. 647-659.e5. Available at: https://doi.org/10.1016/j.cub.2022.12.049.
line:xlsx:hash://sha256/462844e9e541437f7ef19ca7d70ac1778529cdca8ecb9830c16f35deadae635d!/Table%20S5!/L8	application/vnd.openxmlformats-officedocument.spreadsheetml.sheet	Moschus spp.	Canis lupus	(Shao et al., 2019)	Fecal DNA metabarcoding	Qinghai–Tibetan Plateau	Shao, X., Song, D., Huang, Q., Li, S. and Yao, M. (2019) ‘Fast surveys and molecular diet analysis of carnivores based on fecal DNA and metabarcoding’, Biodiversity Science, 27(5), p. 543.
line:xlsx:hash://sha256/462844e9e541437f7ef19ca7d70ac1778529cdca8ecb9830c16f35deadae635d!/Table%20S5!/L9	application/vnd.openxmlformats-officedocument.spreadsheetml.sheet	Neodon irene	Canis lupus	(Lu et al., 2023)	Fecal DNA metabarcoding	Qinghai–Tibetan Plateau	Lu, Q., Cheng, C., Xiao, L., Li, J., Li, X., Zhao, X., Lu, Z., Zhao, J. and Yao, M. (2023) ‘Food webs reveal coexistence mechanisms and community organization in carnivores’, Current Biology, 33(4), pp. 647-659.e5. Available at: https://doi.org/10.1016/j.cub.2022.12.049.
line:xlsx:hash://sha256/462844e9e541437f7ef19ca7d70ac1778529cdca8ecb9830c16f35deadae635d!/Table%20S5!/L10	application/vnd.openxmlformats-officedocument.spreadsheetml.sheet	Ochotona spp.	Canis lupus	(Schaller, 2000; Lu et al., 2023)	Fecal DNA metabarcoding	Qinghai–Tibetan Plateau	Schaller, G.B. (2000) Wildlife of the Tibetan steppe. University of Chicago Press. Lu, Q., Cheng, C., Xiao, L., Li, J., Li, X., Zhao, X., Lu, Z., Zhao, J. and Yao, M. (2023) ‘Food webs reveal coexistence mechanisms and community organization in carnivores’, Current Biology, 33(4), pp. 647-659.e5. Available at: https://doi.org/10.1016/j.cub.2022.12.049.
line:xlsx:hash://sha256/462844e9e541437f7ef19ca7d70ac1778529cdca8ecb9830c16f35deadae635d!/Table%20S5!/L11	application/vnd.openxmlformats-officedocument.spreadsheetml.sheet	Ovis ammon	Canis lupus	(Schaller, 2000; Balajeid Lyngdoh, Habib and Shrotriya, 2020) 	Fecal microscopic examination	Qinghai–Tibetan Plateau	Schaller, G.B. (2000) Wildlife of the Tibetan steppe. University of Chicago Press. Balajeid Lyngdoh, S., Habib, B. and Shrotriya, S. (2020) ‘Dietary spectrum in Himalayan wolves: comparative analysis of prey choice in conspecifics across high-elevation rangelands of Asia’, Journal of Zoology, 310(1), pp. 24–33. Available at: https://doi.org/10.1111/jzo.12724.
line:xlsx:hash://sha256/462844e9e541437f7ef19ca7d70ac1778529cdca8ecb9830c16f35deadae635d!/Table%20S5!/L12	application/vnd.openxmlformats-officedocument.spreadsheetml.sheet	Procapra picticaudata	Canis lupus	(Schaller, 2000; Werhahn et al., 2019)	Fecal microscopic examination	Qinghai–Tibetan Plateau, Nepal	Schaller, G.B. (2000) Wildlife of the Tibetan steppe. University of Chicago Press. Werhahn, G., Kusi, N., Li, X., Chen, C., Zhi, L., Lázaro Martín, R., Sillero-Zubiri, C. and Macdonald, D.W. (2019) ‘Himalayan wolf foraging ecology and the importance of wild prey’, Global Ecology and Conservation, 20, p. e00780. Available at: https://doi.org/10.1016/j.gecco.2019.e00780.
line:xlsx:hash://sha256/462844e9e541437f7ef19ca7d70ac1778529cdca8ecb9830c16f35deadae635d!/Table%20S5!/L13	application/vnd.openxmlformats-officedocument.spreadsheetml.sheet	Przewalskium albirostris	Canis lupus	(Schaller, 2000; Lu et al., 2023)	Fecal DNA metabarcoding	Qinghai–Tibetan Plateau	Schaller, G.B. (2000) Wildlife of the Tibetan steppe. University of Chicago Press. Lu, Q., Cheng, C., Xiao, L., Li, J., Li, X., Zhao, X., Lu, Z., Zhao, J. and Yao, M. (2023) ‘Food webs reveal coexistence mechanisms and community organization in carnivores’, Current Biology, 33(4), pp. 647-659.e5. Available at: https://doi.org/10.1016/j.cub.2022.12.049.
line:xlsx:hash://sha256/462844e9e541437f7ef19ca7d70ac1778529cdca8ecb9830c16f35deadae635d!/Table%20S5!/L14	application/vnd.openxmlformats-officedocument.spreadsheetml.sheet	Pseudois nayaur	Canis lupus	(Lu et al., 2023)	Fecal DNA metabarcoding	Qinghai–Tibetan Plateau	Lu, Q., Cheng, C., Xiao, L., Li, J., Li, X., Zhao, X., Lu, Z., Zhao, J. and Yao, M. (2023) ‘Food webs reveal coexistence mechanisms and community organization in carnivores’, Current Biology, 33(4), pp. 647-659.e5. Available at: https://doi.org/10.1016/j.cub.2022.12.049.
line:xlsx:hash://sha256/462844e9e541437f7ef19ca7d70ac1778529cdca8ecb9830c16f35deadae635d!/Table%20S5!/L15	application/vnd.openxmlformats-officedocument.spreadsheetml.sheet	Sus scrofa	Canis lupus	(Shao et al., 2019)	Fecal DNA metabarcoding	Qinghai–Tibetan Plateau	Shao, X., Song, D., Huang, Q., Li, S. and Yao, M. (2019) ‘Fast surveys and molecular diet analysis of carnivores based on fecal DNA and metabarcoding’, Biodiversity Science, 27(5), p. 543.
line:xlsx:hash://sha256/462844e9e541437f7ef19ca7d70ac1778529cdca8ecb9830c16f35deadae635d!/Table%20S5!/L16	application/vnd.openxmlformats-officedocument.spreadsheetml.sheet	Vulpes corsac	Canis lupus	(Geptner et al., 1988)	Field observation	Russia	Geptner, V.G. (Vladimir G., Nasimovich, A.A., Bannikov, A.G. and Hoffmann, R.S. (1988) Mammals of the Soviet Union. Washington, D.C. : Smithsonian Institution Libraries and National Science Foundation. Available at: http://archive.org/details/mammalsofsov212001gept (Accessed: 31 May 2024).
line:xlsx:hash://sha256/462844e9e541437f7ef19ca7d70ac1778529cdca8ecb9830c16f35deadae635d!/Table%20S5!/L17	application/vnd.openxmlformats-officedocument.spreadsheetml.sheet	Vulpes ferrilata	Canis lupus	(Hacker et al., 2022)	Fecal DNA metabarcoding	Qinghai–Tibetan Plateau	Hacker, C.E., Cong, W., Xue, Y., Li, J., Zhang, Yu, Wu, L., Ji, Y., Dai, Y., Li, Y., Jin, L., Li, D., Zhang, J., Janecka, J.E. and Zhang, Yuguang (2022) ‘Dietary diversity and niche partitioning of carnivores across the Qinghai–Tibetan Plateau of China using DNA metabarcoding’, Journal of Mammalogy, 103(5), pp. 1005–1018. Available at: https://doi.org/10.1093/jmammal/gyac044.
line:xlsx:hash://sha256/462844e9e541437f7ef19ca7d70ac1778529cdca8ecb9830c16f35deadae635d!/Table%20S5!/L18	application/vnd.openxmlformats-officedocument.spreadsheetml.sheet	Vulpes vulpes	Canis lupus	(Hacker et al., 2022)	Fecal DNA metabarcoding	Qinghai–Tibetan Plateau	Hacker, C.E., Cong, W., Xue, Y., Li, J., Zhang, Yu, Wu, L., Ji, Y., Dai, Y., Li, Y., Jin, L., Li, D., Zhang, J., Janecka, J.E. and Zhang, Yuguang (2022) ‘Dietary diversity and niche partitioning of carnivores across the Qinghai–Tibetan Plateau of China using DNA metabarcoding’, Journal of Mammalogy, 103(5), pp. 1005–1018. Available at: https://doi.org/10.1093/jmammal/gyac044.
line:xlsx:hash://sha256/462844e9e541437f7ef19ca7d70ac1778529cdca8ecb9830c16f35deadae635d!/Table%20S5!/L19	application/vnd.openxmlformats-officedocument.spreadsheetml.sheet	Capricornis milneedwardsii	Cuon alpinus	(Kamler et al., 2012)	Species-specific PCR	Laos	Kamler, J.F., Johnson, A., Vongkhamheng, C. and Bousa, A. (2012) ‘The diet, prey selection, and activity of dholes (Cuon alpinus) in northern Laos’, Journal of Mammalogy, 93(3), pp. 627–633. Available at: https://doi.org/10.1644/11-MAMM-A-241.1.
line:xlsx:hash://sha256/462844e9e541437f7ef19ca7d70ac1778529cdca8ecb9830c16f35deadae635d!/Table%20S5!/L20	application/vnd.openxmlformats-officedocument.spreadsheetml.sheet	Moschus spp.	Cuon alpinus	(Aryal et al., 2015)	Fecal microscopic examination	Nepal	Aryal, A., Panthi, S., Barraclough, R.K., Bencini, R., Adhikari, B., Ji, W. and Raubenheimer, D. (2015) ‘Habitat selection and feeding ecology of dhole (Cuon alpinus) in the Himalayas’, Journal of Mammalogy, 96(1), pp. 47–53. Available at: https://doi.org/10.1093/jmammal/gyu001.
line:xlsx:hash://sha256/462844e9e541437f7ef19ca7d70ac1778529cdca8ecb9830c16f35deadae635d!/Table%20S5!/L21	application/vnd.openxmlformats-officedocument.spreadsheetml.sheet	Pseudois nayaur	Cuon alpinus	(Aryal et al., 2015)	Fecal microscopic examination	Nepal	Aryal, A., Panthi, S., Barraclough, R.K., Bencini, R., Adhikari, B., Ji, W. and Raubenheimer, D. (2015) ‘Habitat selection and feeding ecology of dhole (Cuon alpinus) in the Himalayas’, Journal of Mammalogy, 96(1), pp. 47–53. Available at: https://doi.org/10.1093/jmammal/gyu001.
line:xlsx:hash://sha256/462844e9e541437f7ef19ca7d70ac1778529cdca8ecb9830c16f35deadae635d!/Table%20S5!/L22	application/vnd.openxmlformats-officedocument.spreadsheetml.sheet	Rusa unicolor	Cuon alpinus	(Kamler et al., 2012)	Species-specific PCR	Laos	Kamler, J.F., Johnson, A., Vongkhamheng, C. and Bousa, A. (2012) ‘The diet, prey selection, and activity of dholes (Cuon alpinus) in northern Laos’, Journal of Mammalogy, 93(3), pp. 627–633. Available at: https://doi.org/10.1644/11-MAMM-A-241.1.
line:xlsx:hash://sha256/462844e9e541437f7ef19ca7d70ac1778529cdca8ecb9830c16f35deadae635d!/Table%20S5!/L23	application/vnd.openxmlformats-officedocument.spreadsheetml.sheet	Sus scrofa	Cuon alpinus	(Kamler et al., 2012)	Species-specific PCR	Laos	Kamler, J.F., Johnson, A., Vongkhamheng, C. and Bousa, A. (2012) ‘The diet, prey selection, and activity of dholes (Cuon alpinus) in northern Laos’, Journal of Mammalogy, 93(3), pp. 627–633. Available at: https://doi.org/10.1644/11-MAMM-A-241.1.
line:xlsx:hash://sha256/462844e9e541437f7ef19ca7d70ac1778529cdca8ecb9830c16f35deadae635d!/Table%20S5!/L24	application/vnd.openxmlformats-officedocument.spreadsheetml.sheet	Lepus oiostolus	Felis bieti	(Liao, 1988)	Field observation	Qinghai–Tibetan Plateau	Liao, Y. (1988) ‘SOME BIOLOGICAL INFORMATIONS OF DESERT CAT IN QINGHAI’, ACTA THERIOLOGICA SINICA, 8(2), pp. 128–131.
line:xlsx:hash://sha256/462844e9e541437f7ef19ca7d70ac1778529cdca8ecb9830c16f35deadae635d!/Table%20S5!/L25	application/vnd.openxmlformats-officedocument.spreadsheetml.sheet	Myospalax baileyi	Felis bieti	(Liao, 1988)	Field observation	Qinghai–Tibetan Plateau	Liao, Y. (1988) ‘SOME BIOLOGICAL INFORMATIONS OF DESERT CAT IN QINGHAI’, ACTA THERIOLOGICA SINICA, 8(2), pp. 128–131.
line:xlsx:hash://sha256/462844e9e541437f7ef19ca7d70ac1778529cdca8ecb9830c16f35deadae635d!/Table%20S5!/L26	application/vnd.openxmlformats-officedocument.spreadsheetml.sheet	Neodon irene	Felis bieti	(Liao, 1988)	Field observation	Qinghai–Tibetan Plateau	Liao, Y. (1988) ‘SOME BIOLOGICAL INFORMATIONS OF DESERT CAT IN QINGHAI’, ACTA THERIOLOGICA SINICA, 8(2), pp. 128–131.
line:xlsx:hash://sha256/462844e9e541437f7ef19ca7d70ac1778529cdca8ecb9830c16f35deadae635d!/Table%20S5!/L27	application/vnd.openxmlformats-officedocument.spreadsheetml.sheet	Ochotona spp.	Felis bieti	(Liao, 1988)	Field observation	Qinghai–Tibetan Plateau	Liao, Y. (1988) ‘SOME BIOLOGICAL INFORMATIONS OF DESERT CAT IN QINGHAI’, ACTA THERIOLOGICA SINICA, 8(2), pp. 128–131.
line:xlsx:hash://sha256/462844e9e541437f7ef19ca7d70ac1778529cdca8ecb9830c16f35deadae635d!/Table%20S5!/L28	application/vnd.openxmlformats-officedocument.spreadsheetml.sheet	Allactaga sibirica	Felis manul	(Baatargal and Suuri, 2021)	Fecal microscopic examination	Mongolia	Baatargal, O. and Suuri, B. (2021) ‘Diet of the Pallas’s cat (Otocolobus manul) in Mongolian steppe habitat during a population peak of Brandt’s voles’, Journal of Arid Environments, 193, p. 104583. Available at: https://doi.org/10.1016/j.jaridenv.2021.104583.
line:xlsx:hash://sha256/462844e9e541437f7ef19ca7d70ac1778529cdca8ecb9830c16f35deadae635d!/Table%20S5!/L29	application/vnd.openxmlformats-officedocument.spreadsheetml.sheet	Lepus oiostolus	Felis manul	(Werhahn et al., 2018)	Fecal microscopic examination	Nepal	Werhahn, G., Kusi, N., Karmacharya, D., Man Sherchan, A., Manandhar, P., Manandhar, S., Bhatta, T., Joshi, J., Bhattarai, S., Sharma, A., Kaden, J., Ghazali, M. and Senn, H. (2018) ‘Eurasian lynx and Pallas’s cat in Dolpa district of Nepal: genetics, distribution and diet’, Cat News, 67, pp. 34–36.
line:xlsx:hash://sha256/462844e9e541437f7ef19ca7d70ac1778529cdca8ecb9830c16f35deadae635d!/Table%20S5!/L30	application/vnd.openxmlformats-officedocument.spreadsheetml.sheet	Marmota himalayana	Felis manul	(Werhahn et al., 2018)	Fecal microscopic examination	Nepal	Werhahn, G., Kusi, N., Karmacharya, D., Man Sherchan, A., Manandhar, P., Manandhar, S., Bhatta, T., Joshi, J., Bhattarai, S., Sharma, A., Kaden, J., Ghazali, M. and Senn, H. (2018) ‘Eurasian lynx and Pallas’s cat in Dolpa district of Nepal: genetics, distribution and diet’, Cat News, 67, pp. 34–36.
line:xlsx:hash://sha256/462844e9e541437f7ef19ca7d70ac1778529cdca8ecb9830c16f35deadae635d!/Table%20S5!/L31	application/vnd.openxmlformats-officedocument.spreadsheetml.sheet	Neodon irene	Felis manul	(Lu et al., 2023)	Fecal DNA metabarcoding	Qinghai–Tibetan Plateau	Lu, Q., Cheng, C., Xiao, L., Li, J., Li, X., Zhao, X., Lu, Z., Zhao, J. and Yao, M. (2023) ‘Food webs reveal coexistence mechanisms and community organization in carnivores’, Current Biology, 33(4), pp. 647-659.e5. Available at: https://doi.org/10.1016/j.cub.2022.12.049.
line:xlsx:hash://sha256/462844e9e541437f7ef19ca7d70ac1778529cdca8ecb9830c16f35deadae635d!/Table%20S5!/L32	application/vnd.openxmlformats-officedocument.spreadsheetml.sheet	Ochotona spp.	Felis manul	(Lu et al., 2023)	Fecal DNA metabarcoding	Qinghai–Tibetan Plateau	Lu, Q., Cheng, C., Xiao, L., Li, J., Li, X., Zhao, X., Lu, Z., Zhao, J. and Yao, M. (2023) ‘Food webs reveal coexistence mechanisms and community organization in carnivores’, Current Biology, 33(4), pp. 647-659.e5. Available at: https://doi.org/10.1016/j.cub.2022.12.049.
line:xlsx:hash://sha256/462844e9e541437f7ef19ca7d70ac1778529cdca8ecb9830c16f35deadae635d!/Table%20S5!/L33	application/vnd.openxmlformats-officedocument.spreadsheetml.sheet	Pseudois nayaur	Felis manul	(Lu et al., 2023)	Fecal DNA metabarcoding	Qinghai–Tibetan Plateau	Lu, Q., Cheng, C., Xiao, L., Li, J., Li, X., Zhao, X., Lu, Z., Zhao, J. and Yao, M. (2023) ‘Food webs reveal coexistence mechanisms and community organization in carnivores’, Current Biology, 33(4), pp. 647-659.e5. Available at: https://doi.org/10.1016/j.cub.2022.12.049.
line:xlsx:hash://sha256/462844e9e541437f7ef19ca7d70ac1778529cdca8ecb9830c16f35deadae635d!/Table%20S5!/L34	application/vnd.openxmlformats-officedocument.spreadsheetml.sheet	Lepus oiostolus	Lynx lynx	(Hacker et al., 2022)	Fecal DNA metabarcoding	Qinghai–Tibetan Plateau	Hacker, C.E., Cong, W., Xue, Y., Li, J., Zhang, Yu, Wu, L., Ji, Y., Dai, Y., Li, Y., Jin, L., Li, D., Zhang, J., Janecka, J.E. and Zhang, Yuguang (2022) ‘Dietary diversity and niche partitioning of carnivores across the Qinghai–Tibetan Plateau of China using DNA metabarcoding’, Journal of Mammalogy, 103(5), pp. 1005–1018. Available at: https://doi.org/10.1093/jmammal/gyac044.
line:xlsx:hash://sha256/462844e9e541437f7ef19ca7d70ac1778529cdca8ecb9830c16f35deadae635d!/Table%20S5!/L35	application/vnd.openxmlformats-officedocument.spreadsheetml.sheet	Marmota himalayana	Lynx lynx	(Hacker et al., 2022)	Fecal DNA metabarcoding	Qinghai–Tibetan Plateau	Hacker, C.E., Cong, W., Xue, Y., Li, J., Zhang, Yu, Wu, L., Ji, Y., Dai, Y., Li, Y., Jin, L., Li, D., Zhang, J., Janecka, J.E. and Zhang, Yuguang (2022) ‘Dietary diversity and niche partitioning of carnivores across the Qinghai–Tibetan Plateau of China using DNA metabarcoding’, Journal of Mammalogy, 103(5), pp. 1005–1018. Available at: https://doi.org/10.1093/jmammal/gyac044.
line:xlsx:hash://sha256/462844e9e541437f7ef19ca7d70ac1778529cdca8ecb9830c16f35deadae635d!/Table%20S5!/L36	application/vnd.openxmlformats-officedocument.spreadsheetml.sheet	Martes foina	Lynx lynx	(Mengüllüoğlu et al., 2018）	Fecal microscopic examination	Turkey	Mengüllüoğlu, D., Ambarlı, H., Berger, A. and Hofer, H. (2018) ‘Foraging ecology of Eurasian lynx populations in southwest Asia: Conservation implications for a diet specialist’, Ecology and Evolution, 8(18), pp. 9451–9463. Available at: https://doi.org/10.1002/ece3.4439.
line:xlsx:hash://sha256/462844e9e541437f7ef19ca7d70ac1778529cdca8ecb9830c16f35deadae635d!/Table%20S5!/L37	application/vnd.openxmlformats-officedocument.spreadsheetml.sheet	Myospalax baileyi	Lynx lynx	(Hacker et al., 2022)	Fecal DNA metabarcoding	Qinghai–Tibetan Plateau	Hacker, C.E., Cong, W., Xue, Y., Li, J., Zhang, Yu, Wu, L., Ji, Y., Dai, Y., Li, Y., Jin, L., Li, D., Zhang, J., Janecka, J.E. and Zhang, Yuguang (2022) ‘Dietary diversity and niche partitioning of carnivores across the Qinghai–Tibetan Plateau of China using DNA metabarcoding’, Journal of Mammalogy, 103(5), pp. 1005–1018. Available at: https://doi.org/10.1093/jmammal/gyac044.
line:xlsx:hash://sha256/462844e9e541437f7ef19ca7d70ac1778529cdca8ecb9830c16f35deadae635d!/Table%20S5!/L38	application/vnd.openxmlformats-officedocument.spreadsheetml.sheet	Ochotona spp.	Lynx lynx	(Schaller, 2000; Hacker et al., 2022)	Fecal DNA metabarcoding	Qinghai–Tibetan Plateau	Schaller, G.B. (2000) Wildlife of the Tibetan steppe. University of Chicago Press. Hacker, C.E., Cong, W., Xue, Y., Li, J., Zhang, Yu, Wu, L., Ji, Y., Dai, Y., Li, Y., Jin, L., Li, D., Zhang, J., Janecka, J.E. and Zhang, Yuguang (2022) ‘Dietary diversity and niche partitioning of carnivores across the Qinghai–Tibetan Plateau of China using DNA metabarcoding’, Journal of Mammalogy, 103(5), pp. 1005–1018. Available at: https://doi.org/10.1093/jmammal/gyac044.
line:xlsx:hash://sha256/462844e9e541437f7ef19ca7d70ac1778529cdca8ecb9830c16f35deadae635d!/Table%20S5!/L39	application/vnd.openxmlformats-officedocument.spreadsheetml.sheet	Przewalskium albirostris	Lynx lynx	(Hacker et al., 2022)	Fecal DNA metabarcoding	Qinghai–Tibetan Plateau	Hacker, C.E., Cong, W., Xue, Y., Li, J., Zhang, Yu, Wu, L., Ji, Y., Dai, Y., Li, Y., Jin, L., Li, D., Zhang, J., Janecka, J.E. and Zhang, Yuguang (2022) ‘Dietary diversity and niche partitioning of carnivores across the Qinghai–Tibetan Plateau of China using DNA metabarcoding’, Journal of Mammalogy, 103(5), pp. 1005–1018. Available at: https://doi.org/10.1093/jmammal/gyac044.
line:xlsx:hash://sha256/462844e9e541437f7ef19ca7d70ac1778529cdca8ecb9830c16f35deadae635d!/Table%20S5!/L40	application/vnd.openxmlformats-officedocument.spreadsheetml.sheet	Pseudois nayaur	Lynx lynx	(Hacker et al., 2022)	Fecal DNA metabarcoding	Qinghai–Tibetan Plateau	Hacker, C.E., Cong, W., Xue, Y., Li, J., Zhang, Yu, Wu, L., Ji, Y., Dai, Y., Li, Y., Jin, L., Li, D., Zhang, J., Janecka, J.E. and Zhang, Yuguang (2022) ‘Dietary diversity and niche partitioning of carnivores across the Qinghai–Tibetan Plateau of China using DNA metabarcoding’, Journal of Mammalogy, 103(5), pp. 1005–1018. Available at: https://doi.org/10.1093/jmammal/gyac044.
line:xlsx:hash://sha256/462844e9e541437f7ef19ca7d70ac1778529cdca8ecb9830c16f35deadae635d!/Table%20S5!/L41	application/vnd.openxmlformats-officedocument.spreadsheetml.sheet	Sus scrofa	Lynx lynx	(Mengüllüoğlu et al., 2018）	Fecal microscopic examination	Turkey	Mengüllüoğlu, D., Ambarlı, H., Berger, A. and Hofer, H. (2018) ‘Foraging ecology of Eurasian lynx populations in southwest Asia: Conservation implications for a diet specialist’, Ecology and Evolution, 8(18), pp. 9451–9463. Available at: https://doi.org/10.1002/ece3.4439.
line:xlsx:hash://sha256/462844e9e541437f7ef19ca7d70ac1778529cdca8ecb9830c16f35deadae635d!/Table%20S5!/L42	application/vnd.openxmlformats-officedocument.spreadsheetml.sheet	Vulpes vulpes	Lynx lynx	(Sidorovich, 2006)	Fecal microscopic examination	Belarus	Sidorovich, V.E. (2006) ‘Relationship between prey availability and population dynamics of the Eurasian lynx and its diet in northern Belarus’, Acta Theriologica, 51(3), pp. 265–274. Available at: https://doi.org/10.1007/BF03192678.
line:xlsx:hash://sha256/462844e9e541437f7ef19ca7d70ac1778529cdca8ecb9830c16f35deadae635d!/Table%20S5!/L43	application/vnd.openxmlformats-officedocument.spreadsheetml.sheet	Cricetulus spp.	Martes foina	(Chotolchu, Stubbe and Dawaa, 1980)	Stomach content analysis	Mongolia	Chotolchu, N., Stubbe, M. and Dawaa, N. (1980) ‘Der steinmarder Martes foina (Erxleben, 1777) in der Mongolei’, Acta Theriologica, 25(10), pp. 105–114.
line:xlsx:hash://sha256/462844e9e541437f7ef19ca7d70ac1778529cdca8ecb9830c16f35deadae635d!/Table%20S5!/L44	application/vnd.openxmlformats-officedocument.spreadsheetml.sheet	Mus musculus	Martes foina	(Chotolchu, Stubbe and Dawaa, 1980)	Stomach content analysis	Mongolia	Chotolchu, N., Stubbe, M. and Dawaa, N. (1980) ‘Der steinmarder Martes foina (Erxleben, 1777) in der Mongolei’, Acta Theriologica, 25(10), pp. 105–114.
line:xlsx:hash://sha256/462844e9e541437f7ef19ca7d70ac1778529cdca8ecb9830c16f35deadae635d!/Table%20S5!/L45	application/vnd.openxmlformats-officedocument.spreadsheetml.sheet	Ochotona spp.	Martes foina	(Chotolchu, Stubbe and Dawaa, 1980)	Stomach content analysis	Mongolia	Chotolchu, N., Stubbe, M. and Dawaa, N. (1980) ‘Der steinmarder Martes foina (Erxleben, 1777) in der Mongolei’, Acta Theriologica, 25(10), pp. 105–114.
line:xlsx:hash://sha256/462844e9e541437f7ef19ca7d70ac1778529cdca8ecb9830c16f35deadae635d!/Table%20S5!/L46	application/vnd.openxmlformats-officedocument.spreadsheetml.sheet	Phodopus roborovskii	Martes foina	(Chotolchu, Stubbe and Dawaa, 1980)	Stomach content analysis	Mongolia	Chotolchu, N., Stubbe, M. and Dawaa, N. (1980) ‘Der steinmarder Martes foina (Erxleben, 1777) in der Mongolei’, Acta Theriologica, 25(10), pp. 105–114.
line:xlsx:hash://sha256/462844e9e541437f7ef19ca7d70ac1778529cdca8ecb9830c16f35deadae635d!/Table%20S5!/L47	application/vnd.openxmlformats-officedocument.spreadsheetml.sheet	Vulpes vulpes	Martes foina	(Hisano et al., 2013)	Fecal microscopic examination	Bulgaria	Hisano, M., Raichev, E.G., Tsunoda, H., Masuda, R. and Kaneko, Y. (2013) ‘Winter diet of the stone marten (Martes foina) in central Bulgaria’, Mammal Study, 38(4), pp. 293–298. Available at: https://doi.org/10.3106/041.038.0405.
line:xlsx:hash://sha256/462844e9e541437f7ef19ca7d70ac1778529cdca8ecb9830c16f35deadae635d!/Table%20S5!/L48	application/vnd.openxmlformats-officedocument.spreadsheetml.sheet	Microtus oeconomus	Meles leucurus	(Zagainova and Markov, 2011)	Fecal microscopic examination	Russia	Zagainova, O.S. and Markov, N.I. (2011) ‘The diet of Asian badger, Meles leucurus Hodgson, 1847, in Samarovskii Chugas Nature Park, Western Siberia’, Russian Journal of Ecology, 42(5), pp. 414–420. Available at: https://doi.org/10.1134/S1067413611050158.
line:xlsx:hash://sha256/462844e9e541437f7ef19ca7d70ac1778529cdca8ecb9830c16f35deadae635d!/Table%20S5!/L49	application/vnd.openxmlformats-officedocument.spreadsheetml.sheet	Ochotona spp.	Meles leucurus	(Murdoch and Buyandelger, 2010)	Fecal microscopic examination	Mongolia	Murdoch, J.D. and Buyandelger, S. (2010) ‘An account of badger diet in an arid steppe region of Mongolia’, Journal of Arid Environments, 74(10), pp. 1348–1350. Available at: https://doi.org/10.1016/j.jaridenv.2010.04.009.
line:xlsx:hash://sha256/462844e9e541437f7ef19ca7d70ac1778529cdca8ecb9830c16f35deadae635d!/Table%20S5!/L50	application/vnd.openxmlformats-officedocument.spreadsheetml.sheet	Lepus oiostolus	Mustela altaica	(Yi et al., 2004)	Stomach content analysis	Qinghai–Tibetan Plateau	Yi, X., Zhang, X., Li, Laixing, Li, Liang and Zhao, M. (2004) ‘Analysis on Food Web Structure in Alpine Meadow Ecosystem:Evidence from Stable Carbon Isotope Signatures’, Zoological Research, 25(1), pp. 1–6.
line:xlsx:hash://sha256/462844e9e541437f7ef19ca7d70ac1778529cdca8ecb9830c16f35deadae635d!/Table%20S5!/L51	application/vnd.openxmlformats-officedocument.spreadsheetml.sheet	Microtus oeconomus	Mustela altaica	(Yi et al., 2004)	Stomach content analysis	Qinghai–Tibetan Plateau	Yi, X., Zhang, X., Li, Laixing, Li, Liang and Zhao, M. (2004) ‘Analysis on Food Web Structure in Alpine Meadow Ecosystem:Evidence from Stable Carbon Isotope Signatures’, Zoological Research, 25(1), pp. 1–6.
line:xlsx:hash://sha256/462844e9e541437f7ef19ca7d70ac1778529cdca8ecb9830c16f35deadae635d!/Table%20S5!/L52	application/vnd.openxmlformats-officedocument.spreadsheetml.sheet	Mus musculus	Mustela altaica	(Irshad et al., 2022)	Fecal microscopic examination	Pakistan	Irshad, N., Akhter, M., Mahmood, T., Akrim, F., Khan, M.R. and Nadeem, M.S. (2022) ‘Dietary Habits of Altai Weasel (Mustela altaica) in Bunjosa Game Reserve Rawalakot, Azad Jammu and Kashmir, Pakistan’, Pakistan Journal of Zoology, 54(5). Available at: https://doi.org/10.17582/journal.pjz/20210406060437.
line:xlsx:hash://sha256/462844e9e541437f7ef19ca7d70ac1778529cdca8ecb9830c16f35deadae635d!/Table%20S5!/L53	application/vnd.openxmlformats-officedocument.spreadsheetml.sheet	Myospalax baileyi	Mustela altaica	(Yi et al., 2004)	Stomach content analysis	Qinghai–Tibetan Plateau	Yi, X., Zhang, X., Li, Laixing, Li, Liang and Zhao, M. (2004) ‘Analysis on Food Web Structure in Alpine Meadow Ecosystem:Evidence from Stable Carbon Isotope Signatures’, Zoological Research, 25(1), pp. 1–6.
line:xlsx:hash://sha256/462844e9e541437f7ef19ca7d70ac1778529cdca8ecb9830c16f35deadae635d!/Table%20S5!/L54	application/vnd.openxmlformats-officedocument.spreadsheetml.sheet	Ochotona spp.	Mustela altaica	(Yi et al., 2004)	Stomach content analysis	Qinghai–Tibetan Plateau	Yi, X., Zhang, X., Li, Laixing, Li, Liang and Zhao, M. (2004) ‘Analysis on Food Web Structure in Alpine Meadow Ecosystem:Evidence from Stable Carbon Isotope Signatures’, Zoological Research, 25(1), pp. 1–6.
line:xlsx:hash://sha256/462844e9e541437f7ef19ca7d70ac1778529cdca8ecb9830c16f35deadae635d!/Table%20S5!/L55	application/vnd.openxmlformats-officedocument.spreadsheetml.sheet	Lepus oiostolus	Mustela eversmanii	(Yi et al., 2004)	Stomach content analysis	Qinghai–Tibetan Plateau	Yi, X., Zhang, X., Li, Laixing, Li, Liang and Zhao, M. (2004) ‘Analysis on Food Web Structure in Alpine Meadow Ecosystem:Evidence from Stable Carbon Isotope Signatures’, Zoological Research, 25(1), pp. 1–6.
line:xlsx:hash://sha256/462844e9e541437f7ef19ca7d70ac1778529cdca8ecb9830c16f35deadae635d!/Table%20S5!/L56	application/vnd.openxmlformats-officedocument.spreadsheetml.sheet	Microtus oeconomus	Mustela eversmanii	(Yi et al., 2004)	Stomach content analysis	Qinghai–Tibetan Plateau	Yi, X., Zhang, X., Li, Laixing, Li, Liang and Zhao, M. (2004) ‘Analysis on Food Web Structure in Alpine Meadow Ecosystem:Evidence from Stable Carbon Isotope Signatures’, Zoological Research, 25(1), pp. 1–6.
line:xlsx:hash://sha256/462844e9e541437f7ef19ca7d70ac1778529cdca8ecb9830c16f35deadae635d!/Table%20S5!/L57	application/vnd.openxmlformats-officedocument.spreadsheetml.sheet	Myospalax baileyi	Mustela eversmanii	(Yi et al., 2004)	Stomach content analysis	Qinghai–Tibetan Plateau	Yi, X., Zhang, X., Li, Laixing, Li, Liang and Zhao, M. (2004) ‘Analysis on Food Web Structure in Alpine Meadow Ecosystem:Evidence from Stable Carbon Isotope Signatures’, Zoological Research, 25(1), pp. 1–6.
line:xlsx:hash://sha256/462844e9e541437f7ef19ca7d70ac1778529cdca8ecb9830c16f35deadae635d!/Table%20S5!/L58	application/vnd.openxmlformats-officedocument.spreadsheetml.sheet	Ochotona spp.	Mustela eversmanii	(Yi et al., 2004)	Stomach content analysis	Qinghai–Tibetan Plateau	Yi, X., Zhang, X., Li, Laixing, Li, Liang and Zhao, M. (2004) ‘Analysis on Food Web Structure in Alpine Meadow Ecosystem:Evidence from Stable Carbon Isotope Signatures’, Zoological Research, 25(1), pp. 1–6.
line:xlsx:hash://sha256/462844e9e541437f7ef19ca7d70ac1778529cdca8ecb9830c16f35deadae635d!/Table%20S5!/L59	application/vnd.openxmlformats-officedocument.spreadsheetml.sheet	Ochotona spp.	Mustela sibirica	(Geptner et al., 1988)	Field observation	Russia	Geptner, V.G. (Vladimir G., Nasimovich, A.A., Bannikov, A.G. and Hoffmann, R.S. (1988) Mammals of the Soviet Union. Washington, D.C. : Smithsonian Institution Libraries and National Science Foundation. Available at: http://archive.org/details/mammalsofsov212001gept (Accessed: 31 May 2024).
line:xlsx:hash://sha256/462844e9e541437f7ef19ca7d70ac1778529cdca8ecb9830c16f35deadae635d!/Table%20S5!/L60	application/vnd.openxmlformats-officedocument.spreadsheetml.sheet	Prionailurus bengalensis	Mustela sibirica	(Zhao et al., 2022)	PCR amplification and DNA sequencing	Jilin, China	Zhao, D., Liu, Z., Tan, M., Wang, Y., Dai, W., Ge, J. and Feng, L. (2022) ‘Molecular Dietary Analysis of Three Sympatric Mustelidae in Northeast China’, Animals, 12(23), p. 3290. Available at: https://doi.org/10.3390/ani12233290.
line:xlsx:hash://sha256/462844e9e541437f7ef19ca7d70ac1778529cdca8ecb9830c16f35deadae635d!/Table%20S5!/L61	application/vnd.openxmlformats-officedocument.spreadsheetml.sheet	Canis lupus	Panthera pardus	(Rozhnov et al., 2019)	Fecal microscopic examination	Russia	Rozhnov, V., Hernandez-Blanco, J., Chistopolova, M., Naidenko, S., Sergey, T., Pkhitikov, A., Poyarkov, A., Dronova, N., Magomedov, M., Sorokin, P., Pshegusov, R., Dobrynin, D., Sukhova, O. and Yachmennikova, A. (2019) Study and Monitoring of Big Cats in Russia 2019.
line:xlsx:hash://sha256/462844e9e541437f7ef19ca7d70ac1778529cdca8ecb9830c16f35deadae635d!/Table%20S5!/L62	application/vnd.openxmlformats-officedocument.spreadsheetml.sheet	Macaca mulatta	Panthera pardus	(Achyut and Kreigenhofer, 2009)	Fecal microscopic examination	Nepal	Achyut, A. and Kreigenhofer, B. (2009) ‘Summer diet composition of the Common Leopard Panthera pardus (Carnivora: Felidae) in Nepal’, Journal of Threatened Taxa, pp. 562–566. Available at: https://doi.org/10.11609/JoTT.o2287.562-6.
line:xlsx:hash://sha256/462844e9e541437f7ef19ca7d70ac1778529cdca8ecb9830c16f35deadae635d!/Table%20S5!/L63	application/vnd.openxmlformats-officedocument.spreadsheetml.sheet	Moschus spp.	Panthera pardus	(Lu et al., 2023)	Fecal DNA metabarcoding	Qinghai–Tibetan Plateau	Lu, Q., Cheng, C., Xiao, L., Li, J., Li, X., Zhao, X., Lu, Z., Zhao, J. and Yao, M. (2023) ‘Food webs reveal coexistence mechanisms and community organization in carnivores’, Current Biology, 33(4), pp. 647-659.e5. Available at: https://doi.org/10.1016/j.cub.2022.12.049.
line:xlsx:hash://sha256/462844e9e541437f7ef19ca7d70ac1778529cdca8ecb9830c16f35deadae635d!/Table%20S5!/L64	application/vnd.openxmlformats-officedocument.spreadsheetml.sheet	Mus musculus	Panthera pardus	(Chattha et al., 2015)	Fecal microscopic examination	Pakistan	Chattha, S., Hussain, S., Javid, A., Nadeem Abbas, M., Mahmood, S., Barq, M. and Hussain, M. (2015) ‘Seasonal Diet Composition of Leopard (Panthera pardus) in Machiara National Park, Azad Jammu and Kashmir, Pakistan’, Pakistan Journal of Zoology, 47, pp. 201–207.
line:xlsx:hash://sha256/462844e9e541437f7ef19ca7d70ac1778529cdca8ecb9830c16f35deadae635d!/Table%20S5!/L65	application/vnd.openxmlformats-officedocument.spreadsheetml.sheet	Pseudois nayaur	Panthera pardus	(Lu et al., 2023)	Fecal DNA metabarcoding	Qinghai–Tibetan Plateau	Lu, Q., Cheng, C., Xiao, L., Li, J., Li, X., Zhao, X., Lu, Z., Zhao, J. and Yao, M. (2023) ‘Food webs reveal coexistence mechanisms and community organization in carnivores’, Current Biology, 33(4), pp. 647-659.e5. Available at: https://doi.org/10.1016/j.cub.2022.12.049.
line:xlsx:hash://sha256/462844e9e541437f7ef19ca7d70ac1778529cdca8ecb9830c16f35deadae635d!/Table%20S5!/L66	application/vnd.openxmlformats-officedocument.spreadsheetml.sheet	Rusa unicolor	Panthera pardus	(Wang and Macdonald, 2009)	Fecal microscopic examination	Bhutan	Wang, S. and Macdonald, D. (2009) ‘Feeding habits and niche partitioning in a predator guild composed of tigers, leopards and dholes in a temperate ecosystem in central Bhutan’, Journal of Zoology, 277, pp. 275–283. Available at: https://doi.org/10.1111/j.1469-7998.2008.00537.x.
line:xlsx:hash://sha256/462844e9e541437f7ef19ca7d70ac1778529cdca8ecb9830c16f35deadae635d!/Table%20S5!/L67	application/vnd.openxmlformats-officedocument.spreadsheetml.sheet	Sus scrofa	Panthera pardus	(Wang and Macdonald, 2009)	Fecal microscopic examination	Bhutan	Wang, S. and Macdonald, D. (2009) ‘Feeding habits and niche partitioning in a predator guild composed of tigers, leopards and dholes in a temperate ecosystem in central Bhutan’, Journal of Zoology, 277, pp. 275–283. Available at: https://doi.org/10.1111/j.1469-7998.2008.00537.x.
line:xlsx:hash://sha256/462844e9e541437f7ef19ca7d70ac1778529cdca8ecb9830c16f35deadae635d!/Table%20S5!/L68	application/vnd.openxmlformats-officedocument.spreadsheetml.sheet	Vulpes vulpes	Panthera pardus	(Chattha et al., 2015)	Fecal microscopic examination	Pakistan	Chattha, S., Hussain, S., Javid, A., Nadeem Abbas, M., Mahmood, S., Barq, M. and Hussain, M. (2015) ‘Seasonal Diet Composition of Leopard (Panthera pardus) in Machiara National Park, Azad Jammu and Kashmir, Pakistan’, Pakistan Journal of Zoology, 47, pp. 201–207.
line:xlsx:hash://sha256/462844e9e541437f7ef19ca7d70ac1778529cdca8ecb9830c16f35deadae635d!/Table%20S5!/L69	application/vnd.openxmlformats-officedocument.spreadsheetml.sheet	Apodemus draco	Panthera uncia	(Lu et al., 2021)	Fecal DNA metabarcoding	Qinghai–Tibetan Plateau	Lu, Q., Xiao, L., Cheng, C., Lu, Z., Zhao, J. and Yao, M. (2021) ‘Snow Leopard Dietary Preferences and Livestock Predation Revealed by Fecal DNA Metabarcoding: No Evidence for Apparent Competition Between Wild and Domestic Prey’, Frontiers in Ecology and Evolution, 9. Available at: https://doi.org/10.3389/fevo.2021.783546.
line:xlsx:hash://sha256/462844e9e541437f7ef19ca7d70ac1778529cdca8ecb9830c16f35deadae635d!/Table%20S5!/L70	application/vnd.openxmlformats-officedocument.spreadsheetml.sheet	Capricornis milneedwardsii	Panthera uncia	(Lu et al., 2021)	Fecal DNA metabarcoding	Qinghai–Tibetan Plateau	Lu, Q., Xiao, L., Cheng, C., Lu, Z., Zhao, J. and Yao, M. (2021) ‘Snow Leopard Dietary Preferences and Livestock Predation Revealed by Fecal DNA Metabarcoding: No Evidence for Apparent Competition Between Wild and Domestic Prey’, Frontiers in Ecology and Evolution, 9. Available at: https://doi.org/10.3389/fevo.2021.783546.
line:xlsx:hash://sha256/462844e9e541437f7ef19ca7d70ac1778529cdca8ecb9830c16f35deadae635d!/Table%20S5!/L71	application/vnd.openxmlformats-officedocument.spreadsheetml.sheet	Cervus canadensis (Cervus elaphus in original content)	Panthera uncia	(Lu et al., 2021)	Fecal DNA metabarcoding	Qinghai–Tibetan Plateau	Lu, Q., Xiao, L., Cheng, C., Lu, Z., Zhao, J. and Yao, M. (2021) ‘Snow Leopard Dietary Preferences and Livestock Predation Revealed by Fecal DNA Metabarcoding: No Evidence for Apparent Competition Between Wild and Domestic Prey’, Frontiers in Ecology and Evolution, 9. Available at: https://doi.org/10.3389/fevo.2021.783546.
line:xlsx:hash://sha256/462844e9e541437f7ef19ca7d70ac1778529cdca8ecb9830c16f35deadae635d!/Table%20S5!/L72	application/vnd.openxmlformats-officedocument.spreadsheetml.sheet	Equus kiang	Panthera uncia	(Aryal et al., 2014)	Species-specific PCR	Nepal	Aryal, A., Brunton, D., Ji, W., Karmacharya, D., McCarthy, T., Bencini, R. and Raubenheimer, D. (2014) ‘Multipronged strategy including genetic analysis for assessing conservation options for the snow leopard in the central Himalaya’, Journal of Mammalogy, 95(4), pp. 871–881. Available at: https://doi.org/10.1644/13-MAMM-A-243.
line:xlsx:hash://sha256/462844e9e541437f7ef19ca7d70ac1778529cdca8ecb9830c16f35deadae635d!/Table%20S5!/L73	application/vnd.openxmlformats-officedocument.spreadsheetml.sheet	Felis manul	Panthera uncia	(Hacker et al., 2022)	Fecal DNA metabarcoding	Qinghai–Tibetan Plateau	Hacker, C.E., Cong, W., Xue, Y., Li, J., Zhang, Yu, Wu, L., Ji, Y., Dai, Y., Li, Y., Jin, L., Li, D., Zhang, J., Janecka, J.E. and Zhang, Yuguang (2022) ‘Dietary diversity and niche partitioning of carnivores across the Qinghai–Tibetan Plateau of China using DNA metabarcoding’, Journal of Mammalogy, 103(5), pp. 1005–1018. Available at: https://doi.org/10.1093/jmammal/gyac044.
line:xlsx:hash://sha256/462844e9e541437f7ef19ca7d70ac1778529cdca8ecb9830c16f35deadae635d!/Table%20S5!/L74	application/vnd.openxmlformats-officedocument.spreadsheetml.sheet	Lepus oiostolus	Panthera uncia	(Lu et al., 2023)	Fecal DNA metabarcoding	Qinghai–Tibetan Plateau	Lu, Q., Cheng, C., Xiao, L., Li, J., Li, X., Zhao, X., Lu, Z., Zhao, J. and Yao, M. (2023) ‘Food webs reveal coexistence mechanisms and community organization in carnivores’, Current Biology, 33(4), pp. 647-659.e5. Available at: https://doi.org/10.1016/j.cub.2022.12.049.
line:xlsx:hash://sha256/462844e9e541437f7ef19ca7d70ac1778529cdca8ecb9830c16f35deadae635d!/Table%20S5!/L75	application/vnd.openxmlformats-officedocument.spreadsheetml.sheet	Marmota himalayana	Panthera uncia	(Lu et al., 2023)	Fecal DNA metabarcoding	Qinghai–Tibetan Plateau	Lu, Q., Cheng, C., Xiao, L., Li, J., Li, X., Zhao, X., Lu, Z., Zhao, J. and Yao, M. (2023) ‘Food webs reveal coexistence mechanisms and community organization in carnivores’, Current Biology, 33(4), pp. 647-659.e5. Available at: https://doi.org/10.1016/j.cub.2022.12.049.
line:xlsx:hash://sha256/462844e9e541437f7ef19ca7d70ac1778529cdca8ecb9830c16f35deadae635d!/Table%20S5!/L76	application/vnd.openxmlformats-officedocument.spreadsheetml.sheet	Martes foina	Panthera uncia	(Oli, Taylor and Rogers, 1993)	Fecal microscopic examination	Nepal	Oli, M.K., Taylor, I.R. and Rogers, D.M.E. (1993) ‘Diet of the snow leopard (Panthera uncia) in the Annapurna Conservation Area, Nepal’, Journal of Zoology, 231(3), pp. 365–370. Available at: https://doi.org/10.1111/j.1469-7998.1993.tb01924.x.
line:xlsx:hash://sha256/462844e9e541437f7ef19ca7d70ac1778529cdca8ecb9830c16f35deadae635d!/Table%20S5!/L77	application/vnd.openxmlformats-officedocument.spreadsheetml.sheet	Moschus spp.	Panthera uncia	(Schaller, Junrang and Mingjiang, 1988; Schaller, 2000)	Fecal microscopic examination	Qinghai–Tibetan Plateau	Schaller, G.B., Junrang, R. and Mingjiang, Q. (1988) ‘Status of the snow Leopard Panthera uncia in Qinghai and Gansu Provinces, China’, Biological Conservation, 45(3), pp. 179–194. Available at: https://doi.org/10.1016/0006-3207(88)90138-3. Schaller, G.B. (2000) Wildlife of the Tibetan steppe. University of Chicago Press.
line:xlsx:hash://sha256/462844e9e541437f7ef19ca7d70ac1778529cdca8ecb9830c16f35deadae635d!/Table%20S5!/L78	application/vnd.openxmlformats-officedocument.spreadsheetml.sheet	Neodon irene	Panthera uncia	(Lu et al., 2023)	Fecal DNA metabarcoding	Qinghai–Tibetan Plateau	Lu, Q., Cheng, C., Xiao, L., Li, J., Li, X., Zhao, X., Lu, Z., Zhao, J. and Yao, M. (2023) ‘Food webs reveal coexistence mechanisms and community organization in carnivores’, Current Biology, 33(4), pp. 647-659.e5. Available at: https://doi.org/10.1016/j.cub.2022.12.049.
line:xlsx:hash://sha256/462844e9e541437f7ef19ca7d70ac1778529cdca8ecb9830c16f35deadae635d!/Table%20S5!/L79	application/vnd.openxmlformats-officedocument.spreadsheetml.sheet	Ochotona spp.	Panthera uncia	(Schaller, 2000; Lu et al., 2023)	Fecal DNA metabarcoding	Qinghai–Tibetan Plateau	Schaller, G.B. (2000) Wildlife of the Tibetan steppe. University of Chicago Press. Lu, Q., Cheng, C., Xiao, L., Li, J., Li, X., Zhao, X., Lu, Z., Zhao, J. and Yao, M. (2023) ‘Food webs reveal coexistence mechanisms and community organization in carnivores’, Current Biology, 33(4), pp. 647-659.e5. Available at: https://doi.org/10.1016/j.cub.2022.12.049.
line:xlsx:hash://sha256/462844e9e541437f7ef19ca7d70ac1778529cdca8ecb9830c16f35deadae635d!/Table%20S5!/L80	application/vnd.openxmlformats-officedocument.spreadsheetml.sheet	Ovis ammon	Panthera uncia	(Hacker et al., 2021)	Fecal DNA metabarcoding	Mongolia, Pakistan	Hacker, C.E., Jevit, M., Hussain, S., Muhammad, G., Munkhtsog, Bariushaa, Munkhtsog, Bayaraa, Zhang, Y., Li, D., Liu, Y., Farrington, J.D., Balbakova, F., Alamanov, A., Kurmanaliev, O., Buyanaa, C., Bayandonoi, G., Ochirjav, M., Liang, X., Bian, X., Weckworth, B., Jackson, R. and Janecka, J.E. (2021) ‘Regional Comparison of Snow Leopard (Panthera uncia) Diet using DNA Metabarcoding’, Biodiversity and Conservation, 30(3), pp. 797–817. Available at: https://doi.org/10.1007/s10531-021-02118-6.
line:xlsx:hash://sha256/462844e9e541437f7ef19ca7d70ac1778529cdca8ecb9830c16f35deadae635d!/Table%20S5!/L81	application/vnd.openxmlformats-officedocument.spreadsheetml.sheet	Procapra picticaudata	Panthera uncia	(Lu et al., 2021)	Fecal DNA metabarcoding	Qinghai–Tibetan Plateau	Lu, Q., Xiao, L., Cheng, C., Lu, Z., Zhao, J. and Yao, M. (2021) ‘Snow Leopard Dietary Preferences and Livestock Predation Revealed by Fecal DNA Metabarcoding: No Evidence for Apparent Competition Between Wild and Domestic Prey’, Frontiers in Ecology and Evolution, 9. Available at: https://doi.org/10.3389/fevo.2021.783546.
line:xlsx:hash://sha256/462844e9e541437f7ef19ca7d70ac1778529cdca8ecb9830c16f35deadae635d!/Table%20S5!/L82	application/vnd.openxmlformats-officedocument.spreadsheetml.sheet	Przewalskium albirostris	Panthera uncia	(Schaller, 2000; Lu et al., 2023)	Fecal DNA metabarcoding	Qinghai–Tibetan Plateau	Schaller, G.B. (2000) Wildlife of the Tibetan steppe. University of Chicago Press. Lu, Q., Cheng, C., Xiao, L., Li, J., Li, X., Zhao, X., Lu, Z., Zhao, J. and Yao, M. (2023) ‘Food webs reveal coexistence mechanisms and community organization in carnivores’, Current Biology, 33(4), pp. 647-659.e5. Available at: https://doi.org/10.1016/j.cub.2022.12.049.
line:xlsx:hash://sha256/462844e9e541437f7ef19ca7d70ac1778529cdca8ecb9830c16f35deadae635d!/Table%20S5!/L83	application/vnd.openxmlformats-officedocument.spreadsheetml.sheet	Pseudois nayaur	Panthera uncia	(Lu et al., 2023)	Fecal DNA metabarcoding	Qinghai–Tibetan Plateau	Lu, Q., Cheng, C., Xiao, L., Li, J., Li, X., Zhao, X., Lu, Z., Zhao, J. and Yao, M. (2023) ‘Food webs reveal coexistence mechanisms and community organization in carnivores’, Current Biology, 33(4), pp. 647-659.e5. Available at: https://doi.org/10.1016/j.cub.2022.12.049.
line:xlsx:hash://sha256/462844e9e541437f7ef19ca7d70ac1778529cdca8ecb9830c16f35deadae635d!/Table%20S5!/L84	application/vnd.openxmlformats-officedocument.spreadsheetml.sheet	Sus scrofa	Panthera uncia	(Lu et al., 2021)	Fecal DNA metabarcoding	Qinghai–Tibetan Plateau	Lu, Q., Xiao, L., Cheng, C., Lu, Z., Zhao, J. and Yao, M. (2021) ‘Snow Leopard Dietary Preferences and Livestock Predation Revealed by Fecal DNA Metabarcoding: No Evidence for Apparent Competition Between Wild and Domestic Prey’, Frontiers in Ecology and Evolution, 9. Available at: https://doi.org/10.3389/fevo.2021.783546.
line:xlsx:hash://sha256/462844e9e541437f7ef19ca7d70ac1778529cdca8ecb9830c16f35deadae635d!/Table%20S5!/L85	application/vnd.openxmlformats-officedocument.spreadsheetml.sheet	Vulpes vulpes	Panthera uncia	(Oli, Taylor and Rogers, 1993)	Fecal microscopic examination	Nepal	Oli, M.K., Taylor, I.R. and Rogers, D.M.E. (1993) ‘Diet of the snow leopard (Panthera uncia) in the Annapurna Conservation Area, Nepal’, Journal of Zoology, 231(3), pp. 365–370. Available at: https://doi.org/10.1111/j.1469-7998.1993.tb01924.x.
line:xlsx:hash://sha256/462844e9e541437f7ef19ca7d70ac1778529cdca8ecb9830c16f35deadae635d!/Table%20S5!/L86	application/vnd.openxmlformats-officedocument.spreadsheetml.sheet	Apodemus draco	Prionailurus bengalensis	(Shao et al., 2019)	Fecal DNA metabarcoding	Qinghai–Tibetan Plateau	Shao, X., Song, D., Huang, Q., Li, S. and Yao, M. (2019) ‘Fast surveys and molecular diet analysis of carnivores based on fecal DNA and metabarcoding’, Biodiversity Science, 27(5), p. 543.
line:xlsx:hash://sha256/462844e9e541437f7ef19ca7d70ac1778529cdca8ecb9830c16f35deadae635d!/Table%20S5!/L87	application/vnd.openxmlformats-officedocument.spreadsheetml.sheet	Chodsigoa hypsibia	Prionailurus bengalensis	(Teng et al., 2023)	Fecal DNA metabarcoding	Beijing, China	Teng, Y., Gai, L., Li, J., Fang, X., Yang, N. and Bao, W. (2023) ‘A comparison of two methods of leopard cat food content analysis’, ACTA THERIOLOGICA SINICA, 43(1), pp. 50–58.
line:xlsx:hash://sha256/462844e9e541437f7ef19ca7d70ac1778529cdca8ecb9830c16f35deadae635d!/Table%20S5!/L88	application/vnd.openxmlformats-officedocument.spreadsheetml.sheet	Crocidura suaveolens	Prionailurus bengalensis	(Teng et al., 2023)	Fecal DNA metabarcoding	Beijing, China	Teng, Y., Gai, L., Li, J., Fang, X., Yang, N. and Bao, W. (2023) ‘A comparison of two methods of leopard cat food content analysis’, ACTA THERIOLOGICA SINICA, 43(1), pp. 50–58.
line:xlsx:hash://sha256/462844e9e541437f7ef19ca7d70ac1778529cdca8ecb9830c16f35deadae635d!/Table%20S5!/L89	application/vnd.openxmlformats-officedocument.spreadsheetml.sheet	Lepus oiostolus	Prionailurus bengalensis	(Shao et al., 2019)	Fecal DNA metabarcoding	Qinghai–Tibetan Plateau	Shao, X., Song, D., Huang, Q., Li, S. and Yao, M. (2019) ‘Fast surveys and molecular diet analysis of carnivores based on fecal DNA and metabarcoding’, Biodiversity Science, 27(5), p. 543.
line:xlsx:hash://sha256/462844e9e541437f7ef19ca7d70ac1778529cdca8ecb9830c16f35deadae635d!/Table%20S5!/L90	application/vnd.openxmlformats-officedocument.spreadsheetml.sheet	Moschus spp.	Prionailurus bengalensis	(Shao et al., 2019)	Fecal DNA metabarcoding	Qinghai–Tibetan Plateau	Shao, X., Song, D., Huang, Q., Li, S. and Yao, M. (2019) ‘Fast surveys and molecular diet analysis of carnivores based on fecal DNA and metabarcoding’, Biodiversity Science, 27(5), p. 543.
line:xlsx:hash://sha256/462844e9e541437f7ef19ca7d70ac1778529cdca8ecb9830c16f35deadae635d!/Table%20S5!/L91	application/vnd.openxmlformats-officedocument.spreadsheetml.sheet	Mus musculus	Prionailurus bengalensis	(Teng et al., 2023)	Fecal DNA metabarcoding	Beijing, China	Teng, Y., Gai, L., Li, J., Fang, X., Yang, N. and Bao, W. (2023) ‘A comparison of two methods of leopard cat food content analysis’, ACTA THERIOLOGICA SINICA, 43(1), pp. 50–58.
line:xlsx:hash://sha256/462844e9e541437f7ef19ca7d70ac1778529cdca8ecb9830c16f35deadae635d!/Table%20S5!/L92	application/vnd.openxmlformats-officedocument.spreadsheetml.sheet	Mustela altaica	Prionailurus bengalensis	(Xiong et al., 2017)	PCR amplification and DNA sequencing	Sichuan, China	Xiong, M., Wang, D., Bu, H., Shao, X., Zhang, D., Li, S., Wang, R. and Yao, M. (2017) ‘Molecular dietary analysis of two sympatric felids in the Mountains of Southwest China biodiversity hotspot and conservation implications’, Scientific Reports, 7(1), p. 41909. Available at: https://doi.org/10.1038/srep41909.
line:xlsx:hash://sha256/462844e9e541437f7ef19ca7d70ac1778529cdca8ecb9830c16f35deadae635d!/Table%20S5!/L93	application/vnd.openxmlformats-officedocument.spreadsheetml.sheet	Neodon irene	Prionailurus bengalensis	(Shao et al., 2019)	Fecal DNA metabarcoding	Qinghai–Tibetan Plateau	Shao, X., Song, D., Huang, Q., Li, S. and Yao, M. (2019) ‘Fast surveys and molecular diet analysis of carnivores based on fecal DNA and metabarcoding’, Biodiversity Science, 27(5), p. 543.
line:xlsx:hash://sha256/462844e9e541437f7ef19ca7d70ac1778529cdca8ecb9830c16f35deadae635d!/Table%20S5!/L94	application/vnd.openxmlformats-officedocument.spreadsheetml.sheet	Ochotona spp.	Prionailurus bengalensis	(Shao et al., 2019)	Fecal DNA metabarcoding	Qinghai–Tibetan Plateau	Shao, X., Song, D., Huang, Q., Li, S. and Yao, M. (2019) ‘Fast surveys and molecular diet analysis of carnivores based on fecal DNA and metabarcoding’, Biodiversity Science, 27(5), p. 543.
line:xlsx:hash://sha256/462844e9e541437f7ef19ca7d70ac1778529cdca8ecb9830c16f35deadae635d!/Table%20S5!/L95	application/vnd.openxmlformats-officedocument.spreadsheetml.sheet	Arctonyx albogularis (Arctonyx collaris in orginal content)	Ursus arctos	(Shao et al., 2019)	Fecal DNA metabarcoding	Qinghai–Tibetan Plateau	Shao, X., Song, D., Huang, Q., Li, S. and Yao, M. (2019) ‘Fast surveys and molecular diet analysis of carnivores based on fecal DNA and metabarcoding’, Biodiversity Science, 27(5), p. 543.
line:xlsx:hash://sha256/462844e9e541437f7ef19ca7d70ac1778529cdca8ecb9830c16f35deadae635d!/Table%20S5!/L96	application/vnd.openxmlformats-officedocument.spreadsheetml.sheet	Equus kiang	Ursus arctos	(Aichun et al., 2006)	Fecal microscopic examination	Qinghai–Tibetan Plateau	Aichun, X., Zhigang, J., Chunwang, L., Jixun, G., Guosheng, W. and Ping, C. (2006) ‘Summer food habits of brown bears in Kekexili Nature Reserve, Qinghai–Tibetan plateau, China’, Ursus, 17(2), pp. 132–137. Available at: https://doi.org/10.2192/1537-6176(2006)17[132:SFHOBB]2.0.CO;2.
line:xlsx:hash://sha256/462844e9e541437f7ef19ca7d70ac1778529cdca8ecb9830c16f35deadae635d!/Table%20S5!/L97	application/vnd.openxmlformats-officedocument.spreadsheetml.sheet	Lepus oiostolus	Ursus arctos	(Aichun et al., 2006)	Fecal microscopic examination	Qinghai–Tibetan Plateau	Aichun, X., Zhigang, J., Chunwang, L., Jixun, G., Guosheng, W. and Ping, C. (2006) ‘Summer food habits of brown bears in Kekexili Nature Reserve, Qinghai–Tibetan plateau, China’, Ursus, 17(2), pp. 132–137. Available at: https://doi.org/10.2192/1537-6176(2006)17[132:SFHOBB]2.0.CO;2.
line:xlsx:hash://sha256/462844e9e541437f7ef19ca7d70ac1778529cdca8ecb9830c16f35deadae635d!/Table%20S5!/L98	application/vnd.openxmlformats-officedocument.spreadsheetml.sheet	Marmota himalayana	Ursus arctos	(Hacker et al., 2022)	Fecal DNA metabarcoding	Qinghai–Tibetan Plateau	Hacker, C.E., Cong, W., Xue, Y., Li, J., Zhang, Yu, Wu, L., Ji, Y., Dai, Y., Li, Y., Jin, L., Li, D., Zhang, J., Janecka, J.E. and Zhang, Yuguang (2022) ‘Dietary diversity and niche partitioning of carnivores across the Qinghai–Tibetan Plateau of China using DNA metabarcoding’, Journal of Mammalogy, 103(5), pp. 1005–1018. Available at: https://doi.org/10.1093/jmammal/gyac044.
line:xlsx:hash://sha256/462844e9e541437f7ef19ca7d70ac1778529cdca8ecb9830c16f35deadae635d!/Table%20S5!/L99	application/vnd.openxmlformats-officedocument.spreadsheetml.sheet	Ochotona spp.	Ursus arctos	(Schaller, 2000; Hacker et al., 2022)	Fecal DNA metabarcoding	Qinghai–Tibetan Plateau	Schaller, G.B. (2000) Wildlife of the Tibetan steppe. University of Chicago Press. Hacker, C.E., Cong, W., Xue, Y., Li, J., Zhang, Yu, Wu, L., Ji, Y., Dai, Y., Li, Y., Jin, L., Li, D., Zhang, J., Janecka, J.E. and Zhang, Yuguang (2022) ‘Dietary diversity and niche partitioning of carnivores across the Qinghai–Tibetan Plateau of China using DNA metabarcoding’, Journal of Mammalogy, 103(5), pp. 1005–1018. Available at: https://doi.org/10.1093/jmammal/gyac044.
line:xlsx:hash://sha256/462844e9e541437f7ef19ca7d70ac1778529cdca8ecb9830c16f35deadae635d!/Table%20S5!/L100	application/vnd.openxmlformats-officedocument.spreadsheetml.sheet	Ovis ammon	Ursus arctos	(Aryal et al., 2012)	Fecal microscopic examination	Nepal	Aryal, A., Hopkins, J.B., Raubenheimer, D., Ji, W. and Brunton, D. (2012) ‘Distribution and diet of brown bears in the upper Mustang Region, Nepal’, Ursus, 23(2), pp. 231–236. Available at: https://doi.org/10.2192/URSUS-D-11-00015.1.
line:xlsx:hash://sha256/462844e9e541437f7ef19ca7d70ac1778529cdca8ecb9830c16f35deadae635d!/Table%20S5!/L101	application/vnd.openxmlformats-officedocument.spreadsheetml.sheet	Pantholops hodgsonii	Ursus arctos	(Aichun et al., 2006)	Fecal microscopic examination	Qinghai–Tibetan Plateau	Aichun, X., Zhigang, J., Chunwang, L., Jixun, G., Guosheng, W. and Ping, C. (2006) ‘Summer food habits of brown bears in Kekexili Nature Reserve, Qinghai–Tibetan plateau, China’, Ursus, 17(2), pp. 132–137. Available at: https://doi.org/10.2192/1537-6176(2006)17[132:SFHOBB]2.0.CO;2.
line:xlsx:hash://sha256/462844e9e541437f7ef19ca7d70ac1778529cdca8ecb9830c16f35deadae635d!/Table%20S5!/L102	application/vnd.openxmlformats-officedocument.spreadsheetml.sheet	Procapra picticaudata	Ursus arctos	(Aichun et al., 2006)	Fecal microscopic examination	Qinghai–Tibetan Plateau	Aichun, X., Zhigang, J., Chunwang, L., Jixun, G., Guosheng, W. and Ping, C. (2006) ‘Summer food habits of brown bears in Kekexili Nature Reserve, Qinghai–Tibetan plateau, China’, Ursus, 17(2), pp. 132–137. Available at: https://doi.org/10.2192/1537-6176(2006)17[132:SFHOBB]2.0.CO;2.
line:xlsx:hash://sha256/462844e9e541437f7ef19ca7d70ac1778529cdca8ecb9830c16f35deadae635d!/Table%20S5!/L103	application/vnd.openxmlformats-officedocument.spreadsheetml.sheet	Przewalskium albirostris	Ursus arctos	(Shao et al., 2019)	Fecal DNA metabarcoding	Qinghai–Tibetan Plateau	Shao, X., Song, D., Huang, Q., Li, S. and Yao, M. (2019) ‘Fast surveys and molecular diet analysis of carnivores based on fecal DNA and metabarcoding’, Biodiversity Science, 27(5), p. 543.
line:xlsx:hash://sha256/462844e9e541437f7ef19ca7d70ac1778529cdca8ecb9830c16f35deadae635d!/Table%20S5!/L104	application/vnd.openxmlformats-officedocument.spreadsheetml.sheet	Pseudois nayaur	Ursus arctos	(Hacker et al., 2022)	Fecal DNA metabarcoding	Qinghai–Tibetan Plateau	Hacker, C.E., Cong, W., Xue, Y., Li, J., Zhang, Yu, Wu, L., Ji, Y., Dai, Y., Li, Y., Jin, L., Li, D., Zhang, J., Janecka, J.E. and Zhang, Yuguang (2022) ‘Dietary diversity and niche partitioning of carnivores across the Qinghai–Tibetan Plateau of China using DNA metabarcoding’, Journal of Mammalogy, 103(5), pp. 1005–1018. Available at: https://doi.org/10.1093/jmammal/gyac044.
line:xlsx:hash://sha256/462844e9e541437f7ef19ca7d70ac1778529cdca8ecb9830c16f35deadae635d!/Table%20S5!/L105	application/vnd.openxmlformats-officedocument.spreadsheetml.sheet	Sus scrofa	Ursus arctos	(Naves et al., 2006)	Fecal microscopic examination	Spain	Naves, J., Fernández-Gil, A., Rodríguez, C. and Delibes, M. (2006) ‘Brown Bear Food Habits at the Border of its Range: A Long-Term Study’, Journal of Mammalogy, 87(5), pp. 899–908. Available at: https://doi.org/10.1644/05-MAMM-A-318R2.1.
line:xlsx:hash://sha256/462844e9e541437f7ef19ca7d70ac1778529cdca8ecb9830c16f35deadae635d!/Table%20S5!/L106	application/vnd.openxmlformats-officedocument.spreadsheetml.sheet	Mus musculus	Vulpes corsac	(Geptner et al., 1988)	Field observation	Russia	Geptner, V.G. (Vladimir G., Nasimovich, A.A., Bannikov, A.G. and Hoffmann, R.S. (1988) Mammals of the Soviet Union. Washington, D.C. : Smithsonian Institution Libraries and National Science Foundation. Available at: http://archive.org/details/mammalsofsov212001gept (Accessed: 31 May 2024).
line:xlsx:hash://sha256/462844e9e541437f7ef19ca7d70ac1778529cdca8ecb9830c16f35deadae635d!/Table%20S5!/L107	application/vnd.openxmlformats-officedocument.spreadsheetml.sheet	Ochotona spp.	Vulpes corsac	(Murdoch et al., 2010)	Fecal microscopic examination	Mongolia	Murdoch, J.D., Munkhzul, T., Buyandelger, S., Reading, R.P. and Sillero-Zubiri, C. (2010) ‘Seasonal food habits of corsac and red foxes in Mongolia and the potential for competition’, Mammalian Biology, 75(1), pp. 36–44. Available at: https://doi.org/10.1016/j.mambio.2008.12.003.
line:xlsx:hash://sha256/462844e9e541437f7ef19ca7d70ac1778529cdca8ecb9830c16f35deadae635d!/Table%20S5!/L108	application/vnd.openxmlformats-officedocument.spreadsheetml.sheet	Marmota himalayana	Vulpes ferrilata	(Liu, Harris and Wang, 2010)	Fecal microscopic examination	Qinghai–Tibetan Plateau	Liu, Q., Harris, R.B. and Wang, X. (2010) ‘Food habits of the Tibetan fox (Vulpes ferrilata) in the Kunlun Mountains, Qinghai Province, China’, Mammalian Biology, 75(3), pp. 283–286. Available at: https://doi.org/10.1016/j.mambio.2009.02.002.
line:xlsx:hash://sha256/462844e9e541437f7ef19ca7d70ac1778529cdca8ecb9830c16f35deadae635d!/Table%20S5!/L109	application/vnd.openxmlformats-officedocument.spreadsheetml.sheet	Myospalax baileyi	Vulpes ferrilata	(Zhang, Zhang and Liu, 2003)	Field observation	Qinghai–Tibetan Plateau	Zhang, Y., Zhang, Z. and Liu, J. (2003) ‘Burrowing rodents as ecosystem engineers: the ecology and management of plateau zokors Myospalax fontanierii in alpine meadow ecosystems on the Tibetan Plateau’, Mammal Review, 33(3–4), pp. 284–294. Available at: https://doi.org/10.1046/j.1365-2907.2003.00020.x.
line:xlsx:hash://sha256/462844e9e541437f7ef19ca7d70ac1778529cdca8ecb9830c16f35deadae635d!/Table%20S5!/L110	application/vnd.openxmlformats-officedocument.spreadsheetml.sheet	Neodon fuscus	Vulpes ferrilata	(Zheng et al., 2023)	PCR amplification and DNA sequencing	Sichuan, China	Zheng, J., Zuo, Q., Wang, G., Wei, X., Weng, X. and WANG, Z. (2023) ‘Dietary composition and seasonal changes of the Tibetan fox (Vulpes ferrilata)’, ACTA THERIOLOGICA SINICA, 43(4), pp. 398–411. Available at: https://doi.org/https:
line:xlsx:hash://sha256/462844e9e541437f7ef19ca7d70ac1778529cdca8ecb9830c16f35deadae635d!/Table%20S5!/L111	application/vnd.openxmlformats-officedocument.spreadsheetml.sheet	Ochotona spp.	Vulpes ferrilata	(Zheng et al., 2023)	PCR amplification and DNA sequencing	Sichuan, China	Zheng, J., Zuo, Q., Wang, G., Wei, X., Weng, X. and WANG, Z. (2023) ‘Dietary composition and seasonal changes of the Tibetan fox (Vulpes ferrilata)’, ACTA THERIOLOGICA SINICA, 43(4), pp. 398–411. Available at: https://doi.org/https:
line:xlsx:hash://sha256/462844e9e541437f7ef19ca7d70ac1778529cdca8ecb9830c16f35deadae635d!/Table%20S5!/L112	application/vnd.openxmlformats-officedocument.spreadsheetml.sheet	Procapra picticaudata	Vulpes ferrilata	(Liu, Harris and Wang, 2010)	Fecal microscopic examination	Qinghai–Tibetan Plateau	Liu, Q., Harris, R.B. and Wang, X. (2010) ‘Food habits of the Tibetan fox (Vulpes ferrilata) in the Kunlun Mountains, Qinghai Province, China’, Mammalian Biology, 75(3), pp. 283–286. Available at: https://doi.org/10.1016/j.mambio.2009.02.002.
line:xlsx:hash://sha256/462844e9e541437f7ef19ca7d70ac1778529cdca8ecb9830c16f35deadae635d!/Table%20S5!/L113	application/vnd.openxmlformats-officedocument.spreadsheetml.sheet	Pseudois nayaur	Vulpes ferrilata	(Hacker et al., 2022)	Fecal DNA metabarcoding	Qinghai–Tibetan Plateau	Hacker, C.E., Cong, W., Xue, Y., Li, J., Zhang, Yu, Wu, L., Ji, Y., Dai, Y., Li, Y., Jin, L., Li, D., Zhang, J., Janecka, J.E. and Zhang, Yuguang (2022) ‘Dietary diversity and niche partitioning of carnivores across the Qinghai–Tibetan Plateau of China using DNA metabarcoding’, Journal of Mammalogy, 103(5), pp. 1005–1018. Available at: https://doi.org/10.1093/jmammal/gyac044.
line:xlsx:hash://sha256/462844e9e541437f7ef19ca7d70ac1778529cdca8ecb9830c16f35deadae635d!/Table%20S5!/L114	application/vnd.openxmlformats-officedocument.spreadsheetml.sheet	Cricetulus spp.	Vulpes vulpes	(Hacker et al., 2022)	Fecal DNA metabarcoding	Qinghai–Tibetan Plateau	Hacker, C.E., Cong, W., Xue, Y., Li, J., Zhang, Yu, Wu, L., Ji, Y., Dai, Y., Li, Y., Jin, L., Li, D., Zhang, J., Janecka, J.E. and Zhang, Yuguang (2022) ‘Dietary diversity and niche partitioning of carnivores across the Qinghai–Tibetan Plateau of China using DNA metabarcoding’, Journal of Mammalogy, 103(5), pp. 1005–1018. Available at: https://doi.org/10.1093/jmammal/gyac044.
line:xlsx:hash://sha256/462844e9e541437f7ef19ca7d70ac1778529cdca8ecb9830c16f35deadae635d!/Table%20S5!/L115	application/vnd.openxmlformats-officedocument.spreadsheetml.sheet	Eozapus setchuanus	Vulpes vulpes	(Shao et al., 2019)	Fecal DNA metabarcoding	Qinghai–Tibetan Plateau	Shao, X., Song, D., Huang, Q., Li, S. and Yao, M. (2019) ‘Fast surveys and molecular diet analysis of carnivores based on fecal DNA and metabarcoding’, Biodiversity Science, 27(5), p. 543.
line:xlsx:hash://sha256/462844e9e541437f7ef19ca7d70ac1778529cdca8ecb9830c16f35deadae635d!/Table%20S5!/L116	application/vnd.openxmlformats-officedocument.spreadsheetml.sheet	Lepus oiostolus	Vulpes vulpes	(Hacker et al., 2022)	Fecal DNA metabarcoding	Qinghai–Tibetan Plateau	Hacker, C.E., Cong, W., Xue, Y., Li, J., Zhang, Yu, Wu, L., Ji, Y., Dai, Y., Li, Y., Jin, L., Li, D., Zhang, J., Janecka, J.E. and Zhang, Yuguang (2022) ‘Dietary diversity and niche partitioning of carnivores across the Qinghai–Tibetan Plateau of China using DNA metabarcoding’, Journal of Mammalogy, 103(5), pp. 1005–1018. Available at: https://doi.org/10.1093/jmammal/gyac044.
line:xlsx:hash://sha256/462844e9e541437f7ef19ca7d70ac1778529cdca8ecb9830c16f35deadae635d!/Table%20S5!/L117	application/vnd.openxmlformats-officedocument.spreadsheetml.sheet	Marmota himalayana	Vulpes vulpes	(Hacker et al., 2022)	Fecal DNA metabarcoding	Qinghai–Tibetan Plateau	Hacker, C.E., Cong, W., Xue, Y., Li, J., Zhang, Yu, Wu, L., Ji, Y., Dai, Y., Li, Y., Jin, L., Li, D., Zhang, J., Janecka, J.E. and Zhang, Yuguang (2022) ‘Dietary diversity and niche partitioning of carnivores across the Qinghai–Tibetan Plateau of China using DNA metabarcoding’, Journal of Mammalogy, 103(5), pp. 1005–1018. Available at: https://doi.org/10.1093/jmammal/gyac044.
line:xlsx:hash://sha256/462844e9e541437f7ef19ca7d70ac1778529cdca8ecb9830c16f35deadae635d!/Table%20S5!/L118	application/vnd.openxmlformats-officedocument.spreadsheetml.sheet	Mus musculus	Vulpes vulpes	(Hacker et al., 2022)	Fecal DNA metabarcoding	Qinghai–Tibetan Plateau	Hacker, C.E., Cong, W., Xue, Y., Li, J., Zhang, Yu, Wu, L., Ji, Y., Dai, Y., Li, Y., Jin, L., Li, D., Zhang, J., Janecka, J.E. and Zhang, Yuguang (2022) ‘Dietary diversity and niche partitioning of carnivores across the Qinghai–Tibetan Plateau of China using DNA metabarcoding’, Journal of Mammalogy, 103(5), pp. 1005–1018. Available at: https://doi.org/10.1093/jmammal/gyac044.
line:xlsx:hash://sha256/462844e9e541437f7ef19ca7d70ac1778529cdca8ecb9830c16f35deadae635d!/Table%20S5!/L119	application/vnd.openxmlformats-officedocument.spreadsheetml.sheet	Mustela altaica	Vulpes vulpes	(Zhang et al., 2011)	Fecal microscopic examination	Mongolia	Zhang, L., Wang, A., Yuan, L., Bao, W., Yang, Y. and Baterr (2011) ‘Preliminary comparison of diet composition of four small sized carnivores at Saihanwula Nature Reserve, Inner Mongolia’, Acta Theriologica Sinica, 31, pp. 55–61.
line:xlsx:hash://sha256/462844e9e541437f7ef19ca7d70ac1778529cdca8ecb9830c16f35deadae635d!/Table%20S5!/L120	application/vnd.openxmlformats-officedocument.spreadsheetml.sheet	Myospalax baileyi	Vulpes vulpes	(Hacker et al., 2022)	Fecal DNA metabarcoding	Qinghai–Tibetan Plateau	Hacker, C.E., Cong, W., Xue, Y., Li, J., Zhang, Yu, Wu, L., Ji, Y., Dai, Y., Li, Y., Jin, L., Li, D., Zhang, J., Janecka, J.E. and Zhang, Yuguang (2022) ‘Dietary diversity and niche partitioning of carnivores across the Qinghai–Tibetan Plateau of China using DNA metabarcoding’, Journal of Mammalogy, 103(5), pp. 1005–1018. Available at: https://doi.org/10.1093/jmammal/gyac044.
line:xlsx:hash://sha256/462844e9e541437f7ef19ca7d70ac1778529cdca8ecb9830c16f35deadae635d!/Table%20S5!/L121	application/vnd.openxmlformats-officedocument.spreadsheetml.sheet	Neodon fuscus	Vulpes vulpes	(Hacker et al., 2022)	Fecal DNA metabarcoding	Qinghai–Tibetan Plateau	Hacker, C.E., Cong, W., Xue, Y., Li, J., Zhang, Yu, Wu, L., Ji, Y., Dai, Y., Li, Y., Jin, L., Li, D., Zhang, J., Janecka, J.E. and Zhang, Yuguang (2022) ‘Dietary diversity and niche partitioning of carnivores across the Qinghai–Tibetan Plateau of China using DNA metabarcoding’, Journal of Mammalogy, 103(5), pp. 1005–1018. Available at: https://doi.org/10.1093/jmammal/gyac044.
line:xlsx:hash://sha256/462844e9e541437f7ef19ca7d70ac1778529cdca8ecb9830c16f35deadae635d!/Table%20S5!/L122	application/vnd.openxmlformats-officedocument.spreadsheetml.sheet	Neodon irene	Vulpes vulpes	(Shao et al., 2019)	Fecal DNA metabarcoding	Qinghai–Tibetan Plateau	Shao, X., Song, D., Huang, Q., Li, S. and Yao, M. (2019) ‘Fast surveys and molecular diet analysis of carnivores based on fecal DNA and metabarcoding’, Biodiversity Science, 27(5), p. 543.
line:xlsx:hash://sha256/462844e9e541437f7ef19ca7d70ac1778529cdca8ecb9830c16f35deadae635d!/Table%20S5!/L123	application/vnd.openxmlformats-officedocument.spreadsheetml.sheet	Ochotona spp.	Vulpes vulpes	(Hacker et al., 2022)	Fecal DNA metabarcoding	Qinghai–Tibetan Plateau	Hacker, C.E., Cong, W., Xue, Y., Li, J., Zhang, Yu, Wu, L., Ji, Y., Dai, Y., Li, Y., Jin, L., Li, D., Zhang, J., Janecka, J.E. and Zhang, Yuguang (2022) ‘Dietary diversity and niche partitioning of carnivores across the Qinghai–Tibetan Plateau of China using DNA metabarcoding’, Journal of Mammalogy, 103(5), pp. 1005–1018. Available at: https://doi.org/10.1093/jmammal/gyac044.
line:xlsx:hash://sha256/462844e9e541437f7ef19ca7d70ac1778529cdca8ecb9830c16f35deadae635d!/Table%20S5!/L124	application/vnd.openxmlformats-officedocument.spreadsheetml.sheet	Vulpes corsac	Vulpes vulpes	(Geptner et al., 1988)	Field observation	Russia	Geptner, V.G. (Vladimir G., Nasimovich, A.A., Bannikov, A.G. and Hoffmann, R.S. (1988) Mammals of the Soviet Union. Washington, D.C. : Smithsonian Institution Libraries and National Science Foundation. Available at: http://archive.org/details/mammalsofsov212001gept (Accessed: 31 May 2024).
